{
    "train_loss": [
        1.8031622837255668,
        1.5492715141078732,
        1.458237544731335,
        1.401687418734347,
        1.3576288574092739,
        1.322988617885578,
        1.3019832565977767,
        1.2755008436538078,
        1.2493608305762123,
        1.2319240262200524
    ],
    "val_loss": [
        1.6182466078612765,
        1.4997224928969044,
        1.4574179507918277,
        1.4249267275050534,
        1.3890129085314475,
        1.4087675163301372,
        1.3479851140814312,
        1.3034243462449413,
        1.2982430316634097,
        1.2599488779649897
    ],
    "train_metrics": {
        "MulticlassAccuracy": [
            0.3404941260814667,
            0.4376470446586609,
            0.47371765971183777,
            0.49767059087753296,
            0.5141412019729614,
            0.5263058543205261,
            0.5361882448196411,
            0.5473411679267883,
            0.5555529594421387,
            0.5611529350280762
        ],
        "MulticlassF1Score": [
            0.3404941260814667,
            0.4376470446586609,
            0.47371765971183777,
            0.49767059087753296,
            0.5141412019729614,
            0.5263058543205261,
            0.5361882448196411,
            0.5473411679267883,
            0.5555529594421387,
            0.5611529350280762
        ]
    },
    "val_metrics": {
        "MulticlassAccuracy": [
            0.40880000591278076,
            0.4590666592121124,
            0.4721333384513855,
            0.5013333559036255,
            0.5034666657447815,
            0.5057333111763,
            0.5250666737556458,
            0.5479999780654907,
            0.5457333326339722,
            0.5538666844367981
        ],
        "MulticlassF1Score": [
            0.40880000591278076,
            0.4590666592121124,
            0.4721333384513855,
            0.5013333559036255,
            0.5034666657447815,
            0.5057333111763,
            0.5250666737556458,
            0.5479999780654907,
            0.5457333326339722,
            0.5538666844367981
        ]
    },
    "test_loss": 1.1574514605849777,
    "test_metrics": {
        "MulticlassAccuracy": 0.5925999879837036,
        "MulticlassF1Score": 0.5925999879837036
    }
}