{
    "train_loss": [
        1.851887052481597,
        1.6875875368490592,
        1.647039593877019,
        1.620909345400584,
        1.7003864916237268,
        1.6059145895210472,
        1.6230843997932412,
        1.6033064359659188,
        1.5731724386100654,
        1.571812110620218,
        1.5605372408846836,
        1.5521120420089356,
        1.5712001531331747,
        1.551611309294944,
        1.549987393188047,
        1.5437090926700168,
        1.5461829981288395,
        1.5347930887439944,
        1.5507718858060178,
        1.5368810365865897,
        1.5377346932351053,
        1.534265217122373,
        1.5286632146205272
    ],
    "val_loss": [
        1.7337261195910179,
        1.6222229408005537,
        1.6503650030847323,
        1.9547254291631408,
        1.6134732113046162,
        1.9917235717935078,
        1.9277844651270721,
        1.5871582334324466,
        1.6351173065476499,
        1.6446248111078294,
        1.5574898194458524,
        1.5647773055706995,
        1.5246770139467918,
        1.6156279879101252,
        1.5312969098656863,
        1.591345144530474,
        1.5492780309612468,
        1.5147429583436351,
        1.5663636256072482,
        1.5385293152372717,
        1.5759643397088778,
        1.5505092729956418,
        1.545548406697936
    ],
    "train_metrics": {
        "MulticlassAccuracy": [
            0.3099529445171356,
            0.3809646964073181,
            0.39463528990745544,
            0.40614116191864014,
            0.3783058822154999,
            0.411458820104599,
            0.410188227891922,
            0.41489410400390625,
            0.42571765184402466,
            0.4250117540359497,
            0.42858824133872986,
            0.4337882399559021,
            0.42461177706718445,
            0.4331294000148773,
            0.43498823046684265,
            0.4371058940887451,
            0.43320000171661377,
            0.44155293703079224,
            0.4353882372379303,
            0.4441882371902466,
            0.44056469202041626,
            0.44630587100982666,
            0.4444705843925476
        ],
        "MulticlassF1Score": [
            0.3099529445171356,
            0.3809646964073181,
            0.39463528990745544,
            0.40614116191864014,
            0.3783058822154999,
            0.411458820104599,
            0.410188227891922,
            0.41489410400390625,
            0.42571765184402466,
            0.4250117540359497,
            0.42858824133872986,
            0.4337882399559021,
            0.42461177706718445,
            0.4331294000148773,
            0.43498823046684265,
            0.4371058940887451,
            0.43320000171661377,
            0.44155293703079224,
            0.4353882372379303,
            0.4441882371902466,
            0.44056469202041626,
            0.44630587100982666,
            0.4444705843925476
        ]
    },
    "val_metrics": {
        "MulticlassAccuracy": [
            0.3628000020980835,
            0.4153333306312561,
            0.3994666635990143,
            0.3341333270072937,
            0.41119998693466187,
            0.34786665439605713,
            0.35120001435279846,
            0.42053332924842834,
            0.4163999855518341,
            0.4047999978065491,
            0.4291999936103821,
            0.43746668100357056,
            0.4466666579246521,
            0.41733333468437195,
            0.43560001254081726,
            0.4262666702270508,
            0.43586665391921997,
            0.44600000977516174,
            0.4431999921798706,
            0.4408000111579895,
            0.43666666746139526,
            0.4399999976158142,
            0.44999998807907104
        ],
        "MulticlassF1Score": [
            0.3628000020980835,
            0.4153333306312561,
            0.3994666635990143,
            0.3341333270072937,
            0.41119998693466187,
            0.34786665439605713,
            0.35120001435279846,
            0.42053332924842834,
            0.4163999855518341,
            0.4047999978065491,
            0.4291999936103821,
            0.43746668100357056,
            0.4466666579246521,
            0.41733333468437195,
            0.43560001254081726,
            0.4262666702270508,
            0.43586665391921997,
            0.44600000977516174,
            0.4431999921798706,
            0.4408000111579895,
            0.43666666746139526,
            0.4399999976158142,
            0.44999998807907104
        ]
    },
    "test_loss": 1.4499493245195234,
    "test_metrics": {
        "MulticlassAccuracy": 0.4729999899864197,
        "MulticlassF1Score": 0.4729999899864197
    }
}