{
    "train_loss": [
        1.7063559379663553,
        1.5043614236442175,
        1.4506076153692182,
        1.3959139220349424,
        1.370826335640641,
        1.3420698342022594,
        1.340483411296352,
        1.3170932624433134,
        1.298746271534367,
        1.286054755474354,
        1.2859072162582352,
        1.2666197374418333,
        1.311499723085054,
        1.2508718074263037,
        1.2320839939890682,
        1.2525719141100977,
        1.2269234105989382,
        1.2224115022309907,
        1.2234525474700126,
        1.2086581958306801,
        1.21591870544909,
        1.2211171601627682,
        1.2146493808643237,
        1.22188461023766,
        1.2036017852502543,
        1.2032004628811512,
        1.199597098089911,
        1.1833592454592388,
        1.1918224026490976,
        1.1874092892483548,
        1.187369630143449,
        1.1759206629372216,
        1.187553705037893,
        1.171569915505143,
        1.184175953492746,
        1.1944574772774637,
        1.1739122069275774,
        1.173952316378688,
        1.1556483136641014,
        1.160893181959788,
        1.1568967734908198,
        1.159947826160683,
        1.1517647440369065,
        1.1579816167777006,
        1.1573392614588007,
        1.1653636412935573,
        1.152035355925918,
        1.1668869391217962,
        1.1432399176978492,
        1.1479169903574764,
        1.1996385467661035,
        1.1381510404853132,
        1.144022150440617,
        1.1303616497251723,
        1.1360252539853792,
        1.1310400913606535,
        1.1379264754218024,
        1.1733479698499043,
        1.1294910910206515,
        1.137480904748132,
        1.146623604469471,
        1.1317387312740177,
        1.1234402312888756,
        1.1280283433897,
        1.1268821732775942,
        1.122505040856095,
        1.1289643586218894,
        1.1343388766855806,
        1.1352921803076346,
        1.1338505027172443,
        1.1258541938062903,
        1.120808910321187,
        1.1227965841780196,
        1.1165992084208194,
        1.119920324992847,
        1.1249317224319275,
        1.1170298419557176
    ],
    "val_loss": [
        1.5946039264484988,
        1.5937649920835333,
        1.4271872528528764,
        1.4287167444067486,
        1.3972616882647497,
        1.352338736340151,
        1.4047978954800104,
        1.3307211621332977,
        1.3156794653100483,
        1.351093916569726,
        1.3090917276123823,
        1.4536156937227411,
        1.335172970416182,
        1.3048150034274084,
        1.3011756509037342,
        1.275601728487823,
        1.288112498946109,
        1.328991655576027,
        1.2628134893158736,
        1.2583474304716467,
        1.3358404252488734,
        1.2737983465194702,
        1.235431357965631,
        1.2890888715194444,
        1.2231097130452173,
        1.2761651095697435,
        1.2151097241094557,
        1.2364891777604312,
        1.221677079039105,
        1.2621350167161327,
        1.2951012122429024,
        1.2655805571604584,
        1.228288816193403,
        1.2477938361087089,
        1.262762017169241,
        1.213455272933184,
        1.2042514712123547,
        1.2292475033614596,
        1.2235288478560367,
        1.2109075552326138,
        1.2034019797535267,
        1.1864645137625225,
        1.1744245725162958,
        1.2316533024028196,
        1.2392104540841054,
        1.2450586476568448,
        1.3533771725024206,
        1.1869346176163624,
        1.1871210457914967,
        1.3245009143473738,
        1.1934320280107402,
        1.2648130705801106,
        1.1846494987859564,
        1.2100057117009566,
        1.1660358915894717,
        1.2141699730339697,
        1.5547051652003143,
        1.2007945978035361,
        1.231050277160386,
        1.217014025833647,
        1.189660957304098,
        1.1576236142950542,
        1.1769289727938377,
        1.2322950120699607,
        1.208202529761751,
        1.2223484021122173,
        1.248205542564392,
        1.2237062878527885,
        1.189179801334769,
        1.205060914411383,
        1.179722324266272,
        1.1791616041781539,
        1.1830466541193299,
        1.2159300729379816,
        1.194289257970907,
        1.164220266422983,
        1.3247715113526684
    ],
    "train_metrics": {
        "MulticlassAccuracy": [
            0.3770352900028229,
            0.4589882493019104,
            0.4768470525741577,
            0.49931764602661133,
            0.5123058557510376,
            0.5240470767021179,
            0.5211058855056763,
            0.5302352905273438,
            0.5394352674484253,
            0.5434823632240295,
            0.5442823767662048,
            0.5555529594421387,
            0.5407294034957886,
            0.5595294237136841,
            0.5612705945968628,
            0.5574823617935181,
            0.5663294196128845,
            0.5711294412612915,
            0.5720705986022949,
            0.5742117762565613,
            0.5727999806404114,
            0.5723999738693237,
            0.5735529661178589,
            0.5701411962509155,
            0.57701176404953,
            0.5783764719963074,
            0.57701176404953,
            0.5857647061347961,
            0.5827529430389404,
            0.5852000117301941,
            0.5813646912574768,
            0.5886117815971375,
            0.5831764936447144,
            0.5888941287994385,
            0.5880941152572632,
            0.5818823575973511,
            0.5910823345184326,
            0.5922823548316956,
            0.5924941301345825,
            0.5922588109970093,
            0.5942588448524475,
            0.5942588448524475,
            0.5989646911621094,
            0.5943529605865479,
            0.595058798789978,
            0.5928705930709839,
            0.598800003528595,
            0.5901411771774292,
            0.6011058688163757,
            0.600847065448761,
            0.5851058959960938,
            0.6037176251411438,
            0.5979529619216919,
            0.6054587960243225,
            0.6019529700279236,
            0.6036235094070435,
            0.603600025177002,
            0.5941882133483887,
            0.605223536491394,
            0.6057882308959961,
            0.603105902671814,
            0.6059058904647827,
            0.6087764501571655,
            0.6098352670669556,
            0.6086823344230652,
            0.6102117896080017,
            0.6081647276878357,
            0.6073176264762878,
            0.6072470545768738,
            0.6095529198646545,
            0.6109882593154907,
            0.6123764514923096,
            0.6107293963432312,
            0.6122353076934814,
            0.6129176616668701,
            0.6117411851882935,
            0.6129882335662842
        ],