{
    "train_loss": [
        2.297837640430118,
        2.219833548004563,
        2.003023791957546,
        1.8947269880735838,
        1.7990412053403195,
        1.7301530265235328,
        1.685605872858752,
        1.6422756738490887,
        1.6099289659265283,
        1.5853121817648947
    ],
    "val_loss": [
        2.2849921654846708,
        2.0927645089262623,
        1.9343557337583122,
        1.8462705693002475,
        1.7552626132965088,
        1.7081722566636943,
        1.6895281460325597,
        1.6450989953542159,
        1.6014569472458402,
        1.5983094522508525
    ],
    "train_metrics": {
        "MulticlassAccuracy": [
            0.11832941323518753,
            0.19832941889762878,
            0.27910587191581726,
            0.3181411623954773,
            0.34689411520957947,
            0.36865881085395813,
            0.384023517370224,
            0.3991294205188751,
            0.41536471247673035,
            0.4231294095516205
        ],
        "MulticlassF1Score": [
            0.11832941323518753,
            0.19832941889762878,
            0.27910587191581726,
            0.3181411623954773,
            0.34689411520957947,
            0.36865881085395813,
            0.384023517370224,
            0.3991294205188751,
            0.41536471247673035,
            0.4231294095516205
        ]
    },
    "val_metrics": {
        "MulticlassAccuracy": [
            0.1897333264350891,
            0.25733333826065063,
            0.31226667761802673,
            0.33799999952316284,
            0.3745333254337311,
            0.3882666528224945,
            0.3938666582107544,
            0.4092000126838684,
            0.42080000042915344,
            0.42320001125335693
        ],
        "MulticlassF1Score": [
            0.1897333264350891,
            0.25733333826065063,
            0.31226667761802673,
            0.33799999952316284,
            0.3745333254337311,
            0.3882666528224945,
            0.3938666582107544,
            0.4092000126838684,
            0.42080000042915344,
            0.42320001125335693
        ]
    },
    "test_loss": 1.5210815067950636,
    "test_metrics": {
        "MulticlassAccuracy": 0.45239999890327454,
        "MulticlassF1Score": 0.45239999890327454
    }
}