{
    "train_loss": [
        1.8909588819509513,
        1.8322519776341435,
        1.5058347155023981,
        1.3376735185717676,
        1.191884017384446
    ],
    "val_loss": [
        10.049946057594429,
        1.65240121089806,
        1.956970443159847,
        1.4103196172390955,
        1.2529800705990548
    ],
    "train_metrics": {
        "MulticlassAccuracy": [
            0.2987058758735657,
            0.3176000118255615,
            0.44308236241340637,
            0.5141176581382751,
            0.5733411908149719
        ],
        "MulticlassAUROC": [
            0.7769859433174133,
            0.7881932258605957,
            0.8632343411445618,
            0.8929182291030884,
            0.9151870608329773
        ]
    },
    "val_metrics": {
        "MulticlassAccuracy": [
            0.20293332636356354,
            0.38786667585372925,
            0.41893333196640015,
            0.5161333084106445,
            0.5601333379745483
        ],
        "MulticlassAUROC": [
            0.6451472640037537,
            0.8433582186698914,
            0.8397038578987122,
            0.9013487100601196,
            0.9228197336196899
        ]
    },
    "test_loss": 1.2767447403884284,
    "test_metrics": {
        "MulticlassAccuracy": 0.5482000112533569,
        "MulticlassAUROC": 0.9205791354179382
    }
}