{
    "train_loss": [
        1.8915608544965405,
        1.6734942938830402,
        1.4371811065587912,
        1.2856871580576394,
        1.1385404834518202,
        1.055820173508412,
        0.9415109995249156,
        0.8548072363521244,
        0.7964506047266023,
        0.765339274664183,
        0.9246686299641927,
        0.7457604281179182,
        0.6859370258835343,
        0.6422610629920487,
        0.6135333115990097,
        0.5905207195976475,
        0.5714188991366206,
        0.5737791678032002,
        0.5453029651720602,
        0.561061068966582,
        0.524728657068075,
        0.5030795594414433,
        0.49352127188318845,
        0.47606511230583304,
        0.45345013062875195,
        0.4441534437395789,
        0.42651648005028747,
        0.4032660131104984,
        0.3944927553335826,
        0.4213505669220074
    ],
    "val_loss": [
        8.525145655971462,
        2.218272178860034,
        1.6455062829842002,
        1.484372787556406,
        1.6054601891566131,
        1.1506737915136047,
        1.0745218658851365,
        0.8714787636773061,
        0.7830025513293379,
        1.0911474995693917,
        0.8144432053727618,
        0.6707687549671885,
        0.6311708047228345,
        0.6358628116421781,
        0.5791679267155923,
        0.5467998855194803,
        0.6588896821110936,
        0.5890867366629132,
        0.6755974858494128,
        0.6325914753695666,
        0.48681714777219093,
        0.4936962334786431,
        0.6136989143945403,
        0.5065918170799644,
        0.44186016159542535,
        0.45315693041025584,
        0.5066987745842692,
        0.44021793821100463,
        0.5066686275146776,
        0.49183305542347794
    ],
    "train_metrics": {
        "MulticlassAccuracy": [
            0.3026823401451111,
            0.37291765213012695,
            0.47277647256851196,
            0.5323764681816101,
            0.5918588042259216,
            0.6258352994918823,
            0.6675529479980469,
            0.702964723110199,
            0.7208470702171326,
            0.7332000136375427,
            0.675811767578125,
            0.7391999959945679,
            0.7608000040054321,
            0.7743058800697327,
            0.7868000268936157,
            0.793152928352356,
            0.8004000186920166,
            0.7996705770492554,
            0.8127294182777405,
            0.8078352808952332,
            0.8202353119850159,
            0.8242588043212891,
            0.8289411664009094,
            0.8338117599487305,
            0.8426823616027832,
            0.8448470830917358,
            0.8494352698326111,
            0.8583529591560364,
            0.8628470301628113,
            0.8543294072151184
        ],
        "MulticlassAUROC": [
            0.7785162329673767,
            0.8286834955215454,
            0.8762457966804504,
            0.9004155397415161,
            0.9218029975891113,
            0.9325221180915833,
            0.9453355669975281,
            0.9546166658401489,
            0.9605245590209961,
            0.9637627005577087,
            0.9482728838920593,
            0.9653794169425964,
            0.97027587890625,
            0.9737135171890259,
            0.9759449362754822,
            0.9776650667190552,
            0.9789527058601379,
            0.97929447889328,
            0.9810108542442322,
            0.979897141456604,
            0.9822649359703064,
            0.9837635159492493,
            0.9840303659439087,
            0.9851316809654236,
            0.9865863919258118,
            0.9869962930679321,
            0.9877748489379883,
            0.9890775084495544,
            0.9896697402000427,
            0.9882864356040955
        ]
    },
    "val_metrics": {
        "MulticlassAccuracy": [
            0.3054666519165039,
            0.4023999869823456,
            0.44440001249313354,
            0.5360000133514404,
            0.5161333084106445,
            0.6174666881561279,
            0.6425333619117737,
            0.7022666931152344,
            0.7330666780471802,
            0.6371999979019165,
            0.72079998254776,
            0.765333354473114,
            0.7833333611488342,
            0.7856000065803528,
            0.8011999726295471,
            0.8123999834060669,
            0.7793333530426025,
            0.8068000078201294,
            0.7790666818618774,
            0.7938666939735413,
            0.8378666639328003,
            0.837066650390625,
            0.8038666844367981,
            0.8270666599273682,
            0.8503999710083008,
            0.8465333580970764,
            0.8306666612625122,
            0.854533314704895,
            0.8433333039283752,
            0.8392000198364258
        ],
        "MulticlassAUROC": [
            0.7395145297050476,
            0.8424935340881348,
            0.8820902109146118,
            0.899300754070282,
            0.907169759273529,
            0.9373242259025574,
            0.9449111223220825,
            0.9593314528465271,
            0.9663576483726501,
            0.9550871253013611,
            0.9642783999443054,
            0.9737186431884766,
            0.9769855737686157,
            0.9771377444267273,
            0.9797674417495728,
            0.9810558557510376,
            0.9791401028633118,
            0.9805194735527039,
            0.9770197868347168,
            0.9798430800437927,
            0.98541659116745,
            0.9855737090110779,
            0.9815397262573242,
            0.9859007000923157,
            0.9876506924629211,
            0.9873202443122864,
            0.9861606955528259,
            0.9880203604698181,
            0.9877004027366638,
            0.9870445132255554
        ]
    },
    "test_loss": 0.5077502040524754,
    "test_metrics": {
        "MulticlassAccuracy": 0.8378000259399414,
        "MulticlassAUROC": 0.9865732192993164
    }
}