{
    "train_loss": [
        2.4390944471588365,
        1.962403507562013,
        1.7449471852084897,
        1.547481820748017,
        1.4114641452336814,
        1.3179169041258436,
        1.2327434411635987,
        1.1467280697536182,
        1.0724805405548028,
        1.0295788930343077,
        0.9517300751832154,
        0.9137353725261517,
        0.8710320122965105,
        0.8369572851750944,
        0.7681852989010625,
        0.7483374934654694,
        0.7389923445992284,
        0.6930963746957235,
        0.7156154193856694,
        0.6687349405911591,
        0.6380201627363313,
        0.6088560872428768,
        0.602354790534343,
        0.5726622600813169,
        0.61717988474591,
        0.5325889844257194,
        0.5303874531755218,
        0.4834020588849042,
        0.4791595321875793,
        0.4951007382289783
    ],
    "val_loss": [
        2.7127091036004534,
        1.916708804793277,
        1.6557245254516602,
        1.554692981606823,
        1.4188023947053037,
        1.2545744493856268,
        1.1501493847976296,
        1.1165353999299519,
        1.1023208549467183,
        0.9828323822910503,
        1.0477528450852733,
        0.9327781816660348,
        1.0037702473543457,
        0.8282308214801853,
        0.8302889708745278,
        0.8521717796891423,
        0.7840217533758131,
        0.7578962859460863,
        0.7088563634177386,
        0.7123190780817452,
        0.7164557222592629,
        0.6942901015281677,
        0.6420554437879789,
        0.8069560154009674,
        0.6122911809864691,
        0.7076246021157604,
        0.5988276388685582,
        0.6290135605860565,
        0.6199088121874857,
        0.6632525637998419
    ],
    "train_metrics": {
        "MulticlassAccuracy": [
            0.2404470592737198,
            0.3181647062301636,
            0.3627764582633972,
            0.43261176347732544,
            0.4832235276699066,
            0.5196940898895264,
            0.5577176213264465,
            0.590399980545044,
            0.6199764609336853,
            0.6345646977424622,
            0.6616470813751221,
            0.6774588227272034,
            0.6945411562919617,
            0.7062588334083557,
            0.729694128036499,
            0.7405882477760315,
            0.74082350730896,
            0.7565411925315857,
            0.7518588304519653,
            0.768823504447937,
            0.7769176363945007,
            0.7873882055282593,
            0.7896941304206848,
            0.800352931022644,
            0.7811999917030334,
            0.8140941262245178,
            0.8127529621124268,
            0.8295058608055115,
            0.8319059014320374,
            0.828705906867981
        ],
        "MulticlassAUROC": [
            0.7152988314628601,
            0.7862905263900757,
            0.8212171792984009,
            0.8579379916191101,
            0.8814889788627625,
            0.8966169357299805,
            0.9091804623603821,
            0.9212568402290344,
            0.9310035705566406,
            0.9367870688438416,
            0.9456363916397095,
            0.9497955441474915,
            0.9540497064590454,
            0.9570795297622681,
            0.9638057947158813,
            0.9665276408195496,
            0.9665055274963379,
            0.9703823924064636,
            0.9685117602348328,
            0.9730907678604126,
            0.9749417304992676,
            0.9768352508544922,
            0.9771329760551453,
            0.9796997308731079,
            0.9760169982910156,
            0.9822530746459961,
            0.9819732904434204,
            0.9849268794059753,
            0.9854273200035095,
            0.9842225909233093
        ]
    },
    "val_metrics": {
        "MulticlassAccuracy": [
            0.24066667258739471,
            0.29733332991600037,
            0.3783999979496002,
            0.4341333210468292,
            0.48213332891464233,
            0.5422666668891907,
            0.5781333446502686,
            0.5990666747093201,
            0.617733359336853,
            0.656000018119812,
            0.651199996471405,
            0.6679999828338623,
            0.6675999760627747,
            0.7152000069618225,
            0.7143999934196472,
            0.7142666578292847,
            0.7273333072662354,
            0.743066668510437,
            0.7540000081062317,
            0.7563999891281128,
            0.7652000188827515,
            0.7771999835968018,
            0.786133348941803,
            0.7401333451271057,
            0.7932000160217285,
            0.7644000053405762,
            0.7957333326339722,
            0.7968000173568726,
            0.7961333394050598,
            0.7902666926383972
        ],
        "MulticlassAUROC": [
            0.7407581210136414,
            0.8003509640693665,
            0.8484956622123718,
            0.8598642349243164,
            0.8892983794212341,
            0.9109598994255066,
            0.9234363436698914,
            0.9284567832946777,
            0.9341880679130554,
            0.9483566284179688,
            0.945290207862854,
            0.9534482955932617,
            0.9500957727432251,
            0.9620504379272461,
            0.9634775519371033,
            0.9596307873725891,
            0.9664545059204102,
            0.967711865901947,
            0.9712737202644348,
            0.9726792573928833,
            0.9727802276611328,
            0.9744611978530884,
            0.9759281277656555,
            0.969643235206604,
            0.9770728349685669,
            0.9742012023925781,
            0.9784948229789734,
            0.9776927828788757,
            0.9783903360366821,
            0.9769142270088196
        ]
    },
    "test_loss": 0.7020820912966758,
    "test_metrics": {
        "MulticlassAccuracy": 0.7800999879837036,
        "MulticlassAUROC": 0.9752972722053528
    }
}