{
    "train_loss": [
        2.4482680412384124,
        2.3617550281433015,
        2.3165287327122046,
        2.235672316393695,
        2.08437710481363,
        2.0003373701651177,
        1.9446552189978752,
        1.910976036890849,
        1.8805462805716484,
        1.8703952676899083,
        1.849718392074287,
        1.8415487098980237,
        1.8830986080226955,
        1.8679056142543529,
        1.8083872634011346,
        1.697312977220919,
        1.6536467970312536,
        1.6299331929232623,
        1.628674844721774,
        1.7060757825324486,
        1.9365101845056802,
        1.9094134962952531,
        1.7352582663745135,
        1.667190546030039,
        1.64411190715996,
        1.5547990229752686,
        1.5082625719878051,
        1.4768178960582516,
        1.4854174773614328,
        1.4451297976233222,
        1.3889278101849485,
        1.4001505951265674,
        1.370818183586762,
        1.34644728344124,
        1.4425804611440893,
        1.3974614673190646,
        1.47318527719996,
        1.4563055582590647,
        1.9895700620817351,
        1.9529611137178209,
        1.8522593148119815,
        1.9102410271361068,
        2.015750421418084,
        1.9531606074210044,
        1.8211579902752026,
        1.7513322468634482,
        1.6962586551815182,
        1.655349910080254
    ],
    "val_loss": [
        2.3018806263551874,
        2.297674227569063,
        2.2795227422552595,
        2.228600845498554,
        2.0959541595588296,
        2.0323757418131425,
        1.989314877380759,
        2.0087425345081393,
        1.9443567769002106,
        1.8809165449465735,
        1.9595163171574221,
        1.9945844654309548,
        1.9612067452931807,
        1.9799560106406777,
        1.8043316299632444,
        1.7160493559756522,
        1.7208763866101282,
        1.716431490445541,
        1.7591945983595767,
        1.9937335495221413,
        1.997098356990491,
        1.8643843784170635,
        1.8424694942215742,
        1.8513317754713154,
        1.69403015556982,
        1.7053929708771787,
        1.6897664898532931,
        1.658181471339727,
        1.7115759930368197,
        1.8874629109592762,
        1.7461584604392617,
        1.5203865806935197,
        1.5201573331477278,
        1.5935801934387723,
        1.5422210895409019,
        1.6278150465528844,
        1.6525629475965338,
        1.8188445062960608,
        1.966249219441818,
        2.006158612542233,
        1.9613638530343265,
        1.9735875998513173,
        2.137915671881983,
        1.9813711663423959,
        1.8652452957832206,
        1.8058604082818759,
        1.8102129677594718,
        1.7705495680792858
    ],
    "train_metrics": {
        "MulticlassAccuracy": [
            0.11687058955430984,
            0.11569412052631378,
            0.12312941253185272,
            0.15270587801933289,
            0.19482353329658508,
            0.21437646448612213,
            0.24176470935344696,
            0.2603529393672943,
            0.27079999446868896,
            0.27847057580947876,
            0.2815529406070709,
            0.290800005197525,
            0.2898353040218353,
            0.2904941141605377,
            0.3128941059112549,
            0.3603764772415161,
            0.383247047662735,
            0.4013647139072418,
            0.40098822116851807,
            0.37305882573127747,
            0.2581647038459778,
            0.25790587067604065,
            0.3255764842033386,
            0.3631294071674347,
            0.38216471672058105,
            0.42574116587638855,
            0.4516470730304718,
            0.46804705262184143,
            0.4626588225364685,
            0.48251765966415405,
            0.5051529407501221,
            0.5044705867767334,
            0.5134588479995728,
            0.5220000147819519,
            0.489458829164505,
            0.5098353028297424,
            0.4828000068664551,
            0.48764705657958984,
            0.2547764778137207,
            0.24861176311969757,
            0.2868470549583435,
            0.27388235926628113,
            0.23152941465377808,
            0.2468235343694687,
            0.3008941113948822,
            0.33190587162971497,
            0.36287057399749756,
            0.3820706009864807
        ],
        "MulticlassAUROC": [
            0.5407856702804565,
            0.5340985655784607,
            0.5430156588554382,
            0.5998660326004028,
            0.688248336315155,
            0.7260706424713135,
            0.7486657500267029,
            0.7609446048736572,
            0.7700602412223816,
            0.7739572525024414,
            0.7822186350822449,
            0.7863874435424805,
            0.7745585441589355,
            0.7791972160339355,
            0.7961557507514954,
            0.8238359689712524,
            0.8330435156822205,
            0.8387069702148438,
            0.8385164141654968,
            0.8207318186759949,
            0.7583713531494141,
            0.7658063173294067,
            0.8130723834037781,
            0.8277745246887207,
            0.8342083096504211,
            0.8509792685508728,
            0.8602986335754395,
            0.8668611645698547,
            0.8639724850654602,
            0.8717240691184998,
            0.8811832666397095,
            0.8789631128311157,
            0.883654773235321,
            0.8872066736221313,
            0.8703853487968445,
            0.8800212740898132,
            0.8657081723213196,
            0.869724690914154,
            0.737435519695282,
            0.7471296191215515,
            0.7781480550765991,
            0.7645541429519653,
            0.7280699610710144,
            0.7491371035575867,
            0.7902855277061462,
            0.8094550967216492,
            0.8216758966445923,
            0.8314732909202576
        ]
    },
    "val_metrics": {
        "MulticlassAccuracy": [
            0.11720000207424164,
            0.1117333322763443,
            0.1340000033378601,
            0.13706666231155396,
            0.1693333387374878,
            0.20399999618530273,
            0.21799999475479126,
            0.1956000030040741,
            0.25413334369659424,
            0.27239999175071716,
            0.23533333837985992,
            0.20546667277812958,
            0.2529333233833313,
            0.2526666522026062,
            0.311599999666214,
            0.3479999899864197,
            0.3416000008583069,
            0.3710666596889496,
            0.3362666666507721,
            0.23680000007152557,
            0.262800008058548,
            0.2610666751861572,
            0.31013333797454834,
            0.2625333368778229,
            0.36480000615119934,
            0.35839998722076416,
            0.37400001287460327,
            0.3890666663646698,
            0.35786667466163635,
            0.34653332829475403,
            0.37119999527931213,
            0.4774666726589203,
            0.4378666579723358,
            0.4163999855518341,
            0.4551999866962433,
            0.42346665263175964,
            0.41119998693466187,
            0.32679998874664307,
            0.2518666684627533,
            0.24093332886695862,
            0.23893333971500397,
            0.24666666984558105,
            0.18426667153835297,
            0.23586666584014893,
            0.2949333190917969,
            0.3075999915599823,
            0.3089333474636078,
            0.3226666748523712
        ],